,year,school_name,g,wins,losses,win_loss_pct,srs,sos,wins_conf,losses_conf,wins_home,losses_home,wins_visitor,losses_visitor,pts,opp_pts,pace,def_rtg,opp_fta_per_fga_pct,opp_fg3a_per_fga_pct,opp_ts_pct,opp_trb_pct,opp_ast_pct,opp_stl_pct,opp_blk_pct,opp_efg_pct,opp_tov_pct,opp_orb_pct,opp_ft_rate
0,2020,,,,,,,,,,,,,,,,,,,,,,,,,,,,
1,2020,,,,,,,,,,,,,,,,,,,,,,,,,,,,
2,2020,Abilene Christian,31,20,11,.645,-2.87,-6.87,15,5,13,3,7,8,2352,2024,71.1,90.4,.471,.335,.535,49.9,44.5,9.4,10.0,.482,24.6,27.8,.346
3,2020,Air Force,32,12,20,.375,-0.37,3.02,5,13,8,7,3,9,2338,2386,68.9,108.2,.293,.488,.579,50.0,55.1,9.1,8.6,.555,15.1,22.4,.208
4,2020,Akron,31,24,7,.774,7.15,-0.40,14,4,15,2,8,4,2348,2062,70.6,94.2,.286,.337,.481,49.3,42.2,8.5,8.6,.451,16.1,29.1,.191
5,2020,Alabama A&M,30,8,22,.267,-18.88,-8.85,5,13,6,5,2,16,1845,2146,69.5,102.4,.352,.349,.539,52.7,51.3,9.5,11.1,.513,16.1,27.0,.233
6,2020,Alabama-Birmingham,32,19,13,.594,-0.94,-1.64,9,9,11,6,5,7,2154,2088,67.2,97.2,.267,.409,.514,45.3,47.2,10.1,8.5,.483,16.2,24.3,.191
7,2020,Alabama State,32,8,24,.250,-16.15,-6.53,7,11,4,5,2,16,1965,2273,70.8,100.3,.383,.344,.540,52.9,50.2,10.5,10.7,.513,17.9,29.6,.251
8,2020,Alabama,31,16,15,.516,11.12,8.12,8,10,10,5,4,8,2542,2449,76.1,102.2,.359,.347,.523,50.3,43.4,11.0,12.4,.479,15.7,30.8,.266
9,2020,Albany (NY),32,14,18,.438,-8.78,-5.91,7,9,7,7,5,11,2127,2190,69.7,97.9,.279,.390,.515,50.2,54.6,11.0,11.0,.487,16.1,25.5,.193
10,2020,Alcorn State,30,15,15,.500,-14.64,-9.64,11,7,11,2,4,13,2251,2196,72.6,100.0,.357,.342,.530,48.7,52.8,10.1,8.1,.506,16.6,27.4,.229
11,2020,American,30,16,14,.533,-4.37,-6.50,12,6,10,4,6,10,2149,2085,69.0,100.4,.367,.315,.532,51.5,47.8,8.6,8.4,.497,17.3,29.4,.256
12,2020,Appalachian State,33,18,15,.545,-0.81,-0.01,11,9,10,5,7,9,2256,2222,68.6,97.8,.262,.396,.524,50.3,55.0,9.9,7.8,.495,18.3,28.0,.188
13,2020,Arizona State,31,20,11,.645,11.46,8.10,11,7,13,3,6,5,2288,2184,73.7,95.5,.342,.382,.523,51.5,50.5,8.9,9.9,.491,19.6,28.4,.233
14,2020,Arizona,32,21,11,.656,19.49,8.40,10,8,13,4,4,6,2445,2090,70.3,92.2,.352,.377,.498,47.5,51.3,6.8,8.0,.453,18.1,25.9,.258
15,2020,Little Rock,31,21,10,.677,2.27,-1.07,15,5,13,2,8,8,2270,2152,70.2,98.9,.336,.388,.524,47.8,50.3,9.7,8.9,.491,17.3,28.2,.234
16,2020,Arkansas-Pine Bluff,30,4,26,.133,-21.65,-6.41,3,15,2,8,2,18,1615,2049,67.6,100.6,.472,.373,.531,51.1,56.8,14.2,7.2,.490,18.0,30.2,.320
17,2020,Arkansas State,32,16,16,.500,-2.92,-0.72,8,12,10,7,6,9,2262,2301,68.5,104.2,.415,.351,.557,50.7,55.5,8.7,5.7,.517,17.9,28.9,.301
18,2020,Arkansas,32,20,12,.625,13.46,7.27,7,11,14,4,4,8,2426,2228,71.4,96.0,.409,.333,.516,54.9,41.9,6.9,8.7,.473,19.2,31.3,.287
19,2020,Army,30,15,15,.500,-9.10,-6.68,10,8,9,6,6,9,2128,2161,69.7,102.5,.239,.416,.533,51.4,51.3,9.0,9.2,.513,14.9,25.0,.160
20,2020,Auburn,31,25,6,.806,15.04,7.39,12,6,16,1,5,5,2419,2182,70.4,97.6,.339,.363,.511,46.3,45.6,9.3,9.3,.471,16.4,27.4,.243
21,2020,Austin Peay,33,21,12,.636,-0.98,-4.14,14,4,14,0,5,10,2519,2359,69.9,101.9,.323,.340,.556,47.9,52.0,8.7,6.2,.529,18.8,27.5,.223
22,2020,,,,,,,,,,,,,,,,,,,,,,,,,,,,
23,2020,,,,,,,,,,,,,,,,,,,,,,,,,,,,
24,2020,Ball State,31,18,13,.581,4.12,-1.65,11,7,11,4,5,7,2155,1938,69.3,90.2,.281,.336,.484,49.0,43.1,9.1,9.0,.452,17.4,24.6,.193
25,2020,Baylor,30,26,4,.867,20.13,9.13,15,3,14,1,8,2,2134,1804,66.6,89.9,.308,.350,.486,47.5,52.7,8.7,13.0,.452,19.7,29.9,.211
26,2020,Belmont,33,26,7,.788,4.30,-6.23,15,3,13,1,11,5,2627,2241,72.8,93.3,.243,.346,.494,49.5,47.0,8.0,8.3,.473,17.3,26.3,.156
27,2020,Bethune-Cookman,30,16,14,.533,-10.16,-8.98,10,6,10,1,4,13,2239,2167,75.0,95.2,.387,.346,.505,49.5,50.2,9.4,7.2,.471,18.0,29.7,.254
28,2020,Binghamton,29,10,19,.345,-15.03,-4.62,4,12,7,7,3,12,2014,2221,69.4,109.8,.290,.382,.539,52.9,51.0,9.1,9.1,.519,12.2,31.0,.190
29,2020,Boise State,32,20,12,.625,8.59,4.39,11,7,13,2,4,8,2430,2223,70.0,97.4,.294,.390,.536,48.5,44.8,8.4,6.9,.506,17.6,22.1,.211
30,2020,Boston College,32,13,19,.406,1.82,7.86,7,13,8,10,4,8,2067,2260,69.6,101.1,.299,.372,.536,53.6,52.4,9.7,9.3,.505,18.0,30.7,.214
31,2020,Boston University,34,21,13,.618,-1.87,-5.30,12,6,12,3,9,8,2410,2269,66.8,98.9,.263,.354,.518,47.9,45.4,9.5,7.0,.495,15.3,24.6,.177
32,2020,Bowling Green State,31,21,10,.677,0.47,0.20,12,6,13,2,5,5,2310,2259,71.6,100.9,.327,.383,.515,48.9,39.9,7.9,7.7,.483,14.3,26.1,.224
33,2020,Bradley,34,23,11,.676,5.33,0.33,11,7,15,2,4,8,2438,2240,67.3,97.1,.305,.433,.504,46.5,52.3,8.5,7.3,.463,15.7,25.4,.229
34,2020,Brigham Young,32,24,8,.750,16.93,6.45,13,3,14,1,6,5,2548,2188,69.7,96.9,.276,.335,.518,50.4,46.4,8.9,6.9,.490,16.3,23.8,.191
35,2020,Brown,27,15,12,.556,-4.45,-1.72,8,6,10,4,5,8,1809,1854,70.2,97.8,.289,.364,.522,47.9,48.1,11.1,11.3,.490,17.5,26.4,.208
36,2020,Bryant,32,15,17,.469,-6.70,-6.67,7,11,9,5,6,12,2271,2223,70.7,97.9,.302,.364,.501,48.0,50.3,9.3,10.0,.470,14.8,27.9,.205
37,2020,Bucknell,34,14,20,.412,-7.73,-4.32,8,10,9,4,4,14,2299,2415,69.9,101.6,.383,.332,.548,52.1,49.4,9.8,9.5,.515,17.6,26.4,.265
38,2020,Buffalo,32,20,12,.625,1.80,0.06,11,7,10,7,7,4,2516,2425,74.7,100.7,.301,.343,.524,47.5,46.9,8.9,9.1,.489,16.7,28.8,.220
39,2020,Butler,31,22,9,.710,15.56,9.14,10,8,14,3,5,6,2125,1926,64.6,95.8,.309,.379,.496,46.7,52.2,8.7,9.0,.458,15.6,25.4,.222
40,2020,Cal Poly,30,7,23,.233,-10.00,-0.42,4,12,7,6,0,15,2027,2248,68.8,105.8,.426,.359,.561,53.1,54.6,9.2,8.5,.520,16.7,28.3,.308
41,2020,Cal State Bakersfield,31,12,19,.387,-7.11,-3.26,6,10,9,7,3,12,2109,2097,66.0,100.5,.474,.409,.547,45.3,52.6,7.6,6.7,.500,17.8,25.0,.341
42,2020,Cal State Fullerton,31,11,20,.355,-6.79,-1.38,6,10,6,8,4,11,2127,2213,69.5,100.7,.352,.323,.533,52.0,48.7,8.6,8.9,.494,16.2,26.1,.256
43,2020,Cal State Northridge,32,15,17,.469,-6.37,-0.97,10,6,10,4,5,12,2435,2528,71.4,110.7,.290,.406,.567,52.7,54.1,7.1,7.9,.541,15.4,31.2,.208
44,2020,,,,,,,,,,,,,,,,,,,,,,,,,,,,
45,2020,,,,,,,,,,,,,,,,,,,,,,,,,,,,
46,2020,California Baptist,31,21,10,.677,-1.99,-6.66,10,6,15,5,6,5,2465,2170,70.5,98.1,.303,.329,.499,45.2,48.5,8.5,9.9,.468,13.4,24.5,.207
47,2020,UC-Davis,32,14,18,.438,-4.70,-2.63,8,8,8,4,5,12,2330,2286,68.4,103.7,.348,.386,.560,51.7,58.0,8.9,8.1,.527,17.9,27.5,.251
48,2020,UC-Irvine,32,21,11,.656,3.73,-2.18,13,3,11,2,8,8,2367,2087,69.1,94.4,.351,.345,.490,43.3,48.4,7.9,6.4,.448,15.0,24.7,.246
49,2020,UC-Riverside,32,17,15,.531,-3.63,-4.18,7,9,11,5,6,10,2059,1939,64.4,93.7,.304,.329,.495,45.8,49.6,8.6,8.6,.462,15.0,21.2,.209
50,2020,UC-Santa Barbara,31,21,10,.677,-0.57,-4.06,10,6,13,3,8,7,2195,2054,64.9,101.6,.289,.357,.540,46.4,47.1,7.0,7.0,.511,16.4,24.9,.205
51,2020,University of California,32,14,18,.438,3.20,9.05,7,11,12,5,1,10,2023,2210,65.7,103.9,.370,.380,.540,50.4,51.7,7.4,9.6,.499,15.2,26.2,.272
52,2020,Campbell,31,15,16,.484,-8.51,-8.10,6,12,8,5,6,10,2130,2065,67.2,98.8,.391,.336,.531,52.4,43.2,9.6,6.5,.492,18.1,28.0,.275
53,2020,Canisius,32,12,20,.375,-7.60,-5.44,7,13,7,6,4,12,2196,2265,70.3,100.7,.356,.359,.550,51.1,47.3,9.6,7.4,.517,19.2,29.4,.251
54,2020,Central Arkansas,31,10,21,.323,-11.26,-2.70,9,11,8,4,2,16,2316,2553,75.9,105.9,.347,.372,.551,49.7,53.7,12.1,9.0,.518,15.7,28.5,.248
55,2020,Central Connecticut State,31,4,27,.129,-20.33,-4.63,3,15,4,9,0,16,1959,2396,70.7,109.3,.327,.396,.559,55.2,55.5,10.3,10.8,.532,15.9,32.8,.228
56,2020,Central Florida,30,16,14,.533,5.13,4.13,7,11,10,6,4,7,2067,2037,68.7,98.0,.294,.368,.516,50.7,58.0,9.9,7.3,.478,17.9,30.5,.220
57,2020,Central Michigan,32,14,18,.438,-3.40,-0.26,7,11,12,4,2,14,2506,2454,75.0,101.8,.277,.394,.562,51.2,50.5,8.5,8.6,.537,19.4,27.7,.197
58,2020,Charleston Southern,32,14,18,.438,-13.14,-6.98,7,11,9,6,5,11,2203,2304,68.6,103.7,.292,.368,.548,53.7,53.2,9.9,8.1,.522,16.7,28.9,.205
59,2020,Charlotte,29,16,13,.552,0.46,-1.09,10,8,13,2,3,11,1922,1877,66.6,95.9,.276,.399,.529,50.1,50.1,10.3,10.7,.504,18.3,23.4,.187
60,2020,Chattanooga,33,20,13,.606,0.39,-1.90,10,8,10,4,7,8,2410,2261,68.2,100.0,.268,.366,.530,48.3,45.8,8.2,9.2,.504,15.5,23.6,.186
61,2020,Chicago State,29,4,25,.138,-28.20,-2.85,0,14,3,11,1,12,1781,2372,70.3,116.4,.402,.397,.595,54.1,60.4,11.9,6.1,.560,14.6,31.3,.297
62,2020,Cincinnati,30,20,10,.667,12.33,6.73,13,5,13,2,5,6,2182,2014,68.9,94.3,.292,.347,.495,47.5,50.7,9.4,10.7,.457,17.1,28.8,.213
63,2020,Citadel,30,6,24,.200,-13.82,-1.00,0,18,3,11,3,12,2244,2433,75.6,105.9,.274,.430,.553,53.1,51.9,10.0,8.3,.528,16.0,29.3,.193
64,2020,Clemson,31,16,15,.516,10.26,7.88,9,11,11,6,3,8,2062,1988,66.6,95.2,.287,.441,.515,50.7,51.6,9.8,8.3,.483,17.8,24.5,.205
65,2020,Cleveland State,32,11,21,.344,-11.16,-2.45,7,11,6,8,3,13,2053,2298,68.9,103.4,.400,.381,.536,50.8,54.9,10.1,11.1,.494,17.6,33.1,.288
66,2020,,,,,,,,,,,,,,,,,,,,,,,,,,,,
67,2020,,,,,,,,,,,,,,,,,,,,,,,,,,,,
68,2020,Coastal Carolina,33,16,17,.485,-0.83,-0.31,8,12,9,9,7,7,2573,2518,74.0,103.2,.445,.445,.544,45.9,56.6,10.0,7.7,.498,16.5,27.8,.322
69,2020,Colgate,34,25,9,.735,1.47,-5.63,14,4,15,2,9,7,2588,2315,68.8,98.6,.243,.387,.514,49.0,49.9,7.7,8.6,.494,15.5,26.1,.159
70,2020,College of Charleston,31,17,14,.548,0.53,-0.84,11,7,10,5,6,6,2176,2109,66.9,101.7,.317,.378,.525,52.6,50.9,7.5,9.6,.487,15.7,29.2,.236
71,2020,Colorado State,32,20,12,.625,6.70,3.96,11,7,12,4,5,6,2417,2307,69.7,101.9,.239,.426,.541,48.0,50.9,8.9,7.4,.516,15.9,23.8,.173
72,2020,Colorado,32,21,11,.656,14.91,8.31,10,8,13,3,4,7,2268,2057,68.2,93.6,.261,.321,.500,46.1,46.4,10.6,8.6,.469,17.0,23.7,.186
73,2020,Columbia,30,6,24,.200,-10.19,-2.50,1,13,5,7,0,16,1988,2181,69.6,103.1,.249,.391,.536,52.9,49.0,8.0,10.4,.516,14.4,25.0,.168
74,2020,Connecticut,31,19,12,.613,11.15,5.34,10,8,14,3,3,7,2258,2078,69.0,94.1,.346,.298,.508,48.1,50.0,9.7,10.1,.464,19.1,29.4,.256
75,2020,Coppin State,31,11,20,.355,-14.36,-8.27,7,9,5,5,6,15,2109,2298,74.3,98.9,.302,.407,.515,52.6,58.0,9.0,8.6,.485,17.0,28.7,.206
76,2020,Cornell,27,7,20,.259,-8.37,-1.85,4,10,6,6,1,14,1818,1912,66.2,105.5,.311,.394,.548,52.2,54.7,8.4,10.3,.517,16.3,29.0,.222
77,2020,Creighton,31,24,7,.774,17.24,9.61,13,5,17,1,6,5,2428,2162,70.0,99.3,.230,.383,.505,51.5,51.0,6.9,9.5,.480,15.2,29.6,.161
78,2020,Dartmouth,29,12,17,.414,-4.17,-3.20,5,9,6,6,5,10,1894,1872,66.5,96.2,.287,.431,.509,48.8,50.1,8.8,7.6,.487,14.9,20.9,.183
79,2020,Davidson,30,16,14,.533,8.85,3.62,10,8,11,1,4,9,2182,2025,65.4,100.7,.327,.370,.529,49.6,50.3,7.7,9.2,.495,15.3,24.8,.232
80,2020,Dayton,31,29,2,.935,19.17,3.69,18,0,17,0,9,0,2480,2000,67.9,93.9,.309,.332,.493,47.5,47.2,7.8,7.9,.466,16.5,26.6,.199
81,2020,Delaware State,32,6,26,.188,-20.87,-9.54,4,12,3,11,2,13,2350,2655,76.3,108.0,.429,.406,.573,52.7,55.8,10.3,8.8,.537,16.9,29.7,.305
82,2020,Delaware,33,22,11,.667,-1.53,-3.84,11,7,10,3,7,6,2452,2332,68.6,102.6,.293,.388,.532,49.6,50.1,9.7,7.2,.495,15.0,26.7,.221
83,2020,Denver,31,7,24,.226,-10.06,-1.99,3,13,6,8,0,14,2135,2360,71.6,105.5,.379,.434,.560,51.7,48.3,8.6,6.5,.517,15.8,24.8,.287
84,2020,DePaul,32,16,16,.500,7.63,8.95,3,15,11,7,4,9,2262,2274,71.7,98.3,.352,.418,.527,49.7,58.0,11.1,8.7,.485,19.2,29.8,.261
85,2020,Detroit Mercy,31,8,23,.258,-9.87,-1.90,6,12,5,8,2,14,2175,2422,70.6,110.2,.318,.392,.561,50.5,62.2,9.0,10.4,.531,14.8,30.5,.230
86,2020,Drake,34,20,14,.588,0.43,0.61,8,10,14,2,2,10,2359,2302,68.0,99.1,.295,.402,.531,48.6,48.4,9.6,7.8,.496,16.1,22.3,.218
87,2020,Drexel,33,14,19,.424,-5.38,-2.20,6,12,10,5,1,13,2254,2323,67.9,103.3,.291,.302,.534,48.2,45.1,11.3,9.2,.497,14.5,26.6,.221
88,2020,,,,,,,,,,,,,,,,,,,,,,,,,,,,
89,2020,,,,,,,,,,,,,,,,,,,,,,,,,,,,
90,2020,Duke,31,25,6,.806,22.55,8.00,15,5,15,2,7,4,2558,2107,72.9,91.8,.309,.267,.489,46.2,46.8,9.8,9.0,.457,17.7,28.0,.207
91,2020,Duquesne,30,21,9,.700,6.77,1.67,11,7,10,4,6,3,2146,1993,67.8,96.8,.292,.369,.506,50.2,53.0,9.2,9.2,.480,17.4,30.2,.193
92,2020,East Carolina,31,11,20,.355,-2.27,1.82,5,13,9,7,1,11,2111,2238,70.7,101.3,.402,.427,.533,49.7,56.6,9.8,8.3,.501,16.4,26.6,.269
93,2020,East Tennessee State,34,30,4,.882,7.63,-1.82,16,2,16,1,11,3,2593,2146,68.2,92.6,.323,.384,.517,46.6,46.0,8.8,8.4,.483,20.4,25.8,.227
94,2020,Eastern Illinois,32,17,15,.531,-5.08,-7.41,9,9,10,2,5,11,2377,2214,70.9,96.9,.332,.331,.521,49.6,50.8,8.4,7.1,.481,18.7,28.0,.244
95,2020,Eastern Kentucky,33,16,17,.485,-9.17,-4.46,12,6,10,4,5,10,2464,2488,76.2,99.0,.356,.352,.545,54.8,54.6,9.1,8.7,.507,20.9,33.0,.260
96,2020,Eastern Michigan,32,16,16,.500,-3.12,0.95,6,12,11,4,3,12,2078,2050,68.1,94.1,.295,.474,.520,51.4,64.1,9.4,7.7,.492,21.4,30.4,.202
97,2020,Eastern Washington,31,23,8,.742,2.01,-1.81,16,4,13,2,10,6,2509,2259,74.3,97.2,.319,.323,.517,49.1,55.0,9.6,8.5,.482,16.9,26.6,.226
98,2020,Elon,34,13,21,.382,-7.81,-2.03,7,11,8,8,3,12,2337,2438,67.3,106.2,.410,.414,.561,51.8,52.7,8.8,10.2,.516,15.6,24.8,.307
99,2020,Evansville,32,9,23,.281,-7.04,0.61,0,18,5,10,3,10,2149,2368,67.9,106.5,.326,.295,.559,53.4,41.4,8.0,7.9,.524,15.1,25.7,.243
100,2020,Fairfield,32,12,20,.375,-9.65,-4.81,8,12,5,8,6,9,1857,2012,63.6,97.3,.311,.368,.518,48.4,51.5,9.4,8.3,.483,17.0,26.1,.222
101,2020,Fairleigh Dickinson,30,11,19,.367,-9.94,-5.87,9,9,7,5,4,14,2167,2236,69.3,106.7,.309,.406,.547,51.7,56.3,9.5,8.3,.519,15.8,31.3,.217
102,2020,Florida A&M,27,12,15,.444,-12.17,-6.24,10,6,8,0,4,13,1824,1984,70.8,101.5,.412,.352,.548,51.4,49.1,10.5,8.3,.515,18.9,31.7,.279
103,2020,Florida Atlantic,32,17,15,.531,-1.66,-1.25,8,10,14,3,2,12,2275,2222,70.2,97.7,.291,.380,.533,49.0,46.7,9.2,6.5,.504,18.9,25.5,.204
104,2020,Florida Gulf Coast,32,10,22,.313,-10.26,-4.30,7,9,6,10,4,12,1979,2122,66.8,98.1,.301,.372,.516,50.8,49.0,11.1,9.4,.486,17.5,29.3,.208
105,2020,Florida International,32,19,13,.594,0.90,-1.00,9,9,11,3,6,9,2455,2319,73.9,97.7,.303,.358,.512,52.2,48.9,10.4,8.2,.474,18.7,34.4,.223
106,2020,Florida State,31,26,5,.839,17.28,7.64,16,4,16,0,7,5,2336,2037,69.7,93.6,.344,.402,.513,48.1,44.5,7.6,7.5,.470,20.6,30.0,.252
107,2020,Florida,31,19,12,.613,14.94,9.10,11,7,11,4,4,7,2228,2047,66.3,98.7,.337,.356,.519,47.6,48.3,8.2,7.0,.479,16.9,27.4,.246
108,2020,Fordham,31,9,22,.290,-3.58,-0.45,2,16,6,12,1,8,1816,1913,65.2,93.5,.331,.471,.505,53.0,61.5,10.3,8.4,.472,18.5,26.2,.226
109,2020,Fresno State,30,11,19,.367,2.08,3.39,7,11,7,7,4,10,2075,2068,65.3,103.4,.290,.411,.528,48.0,51.5,8.7,8.1,.492,13.8,26.1,.218
110,2020,,,,,,,,,,,,,,,,,,,,,,,,,,,,
111,2020,,,,,,,,,,,,,,,,,,,,,,,,,,,,
112,2020,Furman,32,25,7,.781,6.79,-1.55,15,3,14,1,10,5,2457,2123,69.3,95.0,.253,.413,.528,52.2,54.8,9.0,8.6,.501,20.4,28.3,.182
113,2020,Gardner-Webb,32,16,16,.500,-5.56,-5.83,11,7,7,5,6,10,2318,2272,67.5,102.4,.306,.423,.525,50.3,56.0,8.6,8.0,.492,15.6,29.3,.218
114,2020,George Mason,32,17,15,.531,0.86,1.48,5,13,10,7,3,8,2148,2168,67.4,100.1,.306,.381,.521,47.5,49.9,9.7,9.9,.496,16.4,27.8,.203
115,2020,George Washington,32,12,20,.375,-3.99,0.92,6,12,7,9,3,9,2086,2243,66.6,103.7,.311,.304,.530,51.7,45.3,10.4,11.8,.501,13.8,26.7,.214
116,2020,Georgetown,32,15,17,.469,10.38,9.60,5,13,10,8,4,7,2389,2364,71.6,103.2,.266,.419,.538,47.9,58.1,10.7,7.5,.508,16.4,28.6,.195
117,2020,Georgia Southern,33,20,13,.606,1.69,-0.83,12,8,11,4,8,8,2494,2332,73.3,96.4,.275,.369,.520,51.5,50.1,8.0,6.5,.490,18.9,29.1,.196
118,2020,Georgia State,32,19,13,.594,3.09,0.13,12,8,12,3,6,10,2499,2311,74.0,96.8,.454,.355,.509,50.3,50.5,8.5,9.5,.454,18.3,32.4,.329
119,2020,Georgia Tech,31,17,14,.548,10.49,9.19,11,9,10,6,6,7,2126,2059,70.7,93.3,.354,.328,.490,48.3,51.7,10.9,9.2,.446,16.9,28.5,.252
120,2020,Georgia,32,16,16,.500,8.28,8.06,5,13,12,5,3,9,2428,2418,72.0,103.3,.307,.347,.533,48.6,46.4,8.8,8.9,.509,15.7,29.8,.203
121,2020,Gonzaga,33,31,2,.939,22.70,3.13,15,1,17,0,10,1,2885,2239,72.5,93.2,.218,.341,.500,43.4,43.4,8.3,6.9,.476,16.5,22.7,.152
122,2020,Grambling,32,17,15,.531,-12.39,-9.79,11,7,11,2,6,12,2280,2188,71.8,95.2,.358,.386,.510,48.1,58.8,9.3,7.1,.475,18.2,27.6,.244
123,2020,Grand Canyon,30,13,17,.433,-6.32,-4.05,8,8,8,8,4,6,2116,2191,67.8,106.8,.295,.405,.544,51.8,55.1,7.9,6.7,.513,14.2,28.2,.215
124,2020,Green Bay,33,17,16,.515,-4.80,-2.80,11,7,10,5,7,10,2694,2643,75.3,105.3,.320,.399,.546,51.5,51.6,7.5,6.0,.509,16.5,30.8,.240
125,2020,Hampton,34,15,19,.441,-12.02,-5.80,8,10,11,5,3,13,2635,2693,71.7,109.7,.375,.385,.547,50.5,53.9,7.7,7.3,.514,13.6,30.5,.260
126,2020,Hartford,33,18,15,.545,-6.79,-6.02,9,7,9,8,9,7,2201,2203,69.2,96.1,.297,.385,.496,53.0,52.9,9.6,9.1,.462,16.5,30.6,.207
127,2020,Harvard,29,21,8,.724,3.06,-1.55,10,4,11,1,9,4,2114,1928,68.9,94.9,.313,.352,.501,46.6,44.1,10.0,6.9,.467,16.3,25.0,.217
128,2020,Hawaii,30,17,13,.567,-1.27,-2.10,8,8,14,6,3,7,2057,2016,68.9,97.2,.318,.267,.521,49.9,38.0,8.9,8.9,.485,17.1,26.4,.230
129,2020,High Point,32,9,23,.281,-16.31,-5.34,6,12,6,9,3,14,2110,2396,67.7,109.8,.357,.463,.576,48.7,60.6,10.2,10.1,.552,16.0,28.2,.243
130,2020,Hofstra,34,26,8,.765,3.06,-3.85,14,4,10,4,11,4,2596,2326,68.9,99.3,.210,.364,.524,49.2,54.8,8.5,6.9,.500,17.3,29.1,.152
131,2020,Holy Cross,32,3,29,.094,-18.07,-4.26,2,16,2,12,0,16,2106,2537,68.9,113.8,.316,.336,.579,52.4,47.8,10.5,8.8,.556,13.5,28.5,.221
132,2020,,,,,,,,,,,,,,,,,,,,,,,,,,,,
133,2020,,,,,,,,,,,,,,,,,,,,,,,,,,,,
134,2020,Houston Baptist,29,4,25,.138,-17.41,-3.62,4,16,2,9,2,15,2323,2723,78.0,120.0,.367,.336,.611,50.6,56.6,11.0,11.0,.581,14.6,32.1,.272
135,2020,Houston,31,23,8,.742,16.46,6.30,13,5,14,2,6,6,2241,1926,66.8,92.7,.416,.395,.487,43.5,54.1,7.7,5.7,.439,16.1,25.3,.288
136,2020,Howard,33,4,29,.121,-21.88,-7.98,1,15,2,13,1,14,2306,2682,71.9,111.8,.349,.369,.559,55.0,61.6,8.6,7.0,.533,15.9,36.5,.239
137,2020,Idaho State,30,8,22,.267,-8.62,-1.62,4,16,4,9,3,13,2093,2198,67.7,107.0,.258,.273,.556,49.4,41.4,8.8,8.6,.527,14.7,27.2,.195
138,2020,Idaho,32,8,24,.250,-12.07,-2.10,4,16,5,10,2,12,2086,2329,69.3,104.7,.281,.388,.540,50.3,52.7,10.0,7.1,.515,14.2,26.0,.193
139,2020,Illinois-Chicago,35,18,17,.514,-3.74,-3.80,10,8,11,7,5,9,2412,2407,70.5,97.2,.367,.387,.497,48.7,56.5,9.6,7.8,.461,15.3,28.1,.246
140,2020,Illinois State,31,10,21,.323,-2.70,1.97,5,13,9,6,1,11,2050,2171,68.4,102.0,.309,.393,.543,51.1,53.3,9.7,8.1,.511,17.3,27.2,.224
141,2020,Illinois,31,21,10,.677,15.27,9.84,13,7,15,3,6,6,2239,2024,67.5,96.3,.233,.330,.499,44.7,46.3,8.5,7.9,.470,15.0,25.5,.169
142,2020,Incarnate Word,31,9,22,.290,-18.57,-6.85,6,14,7,9,2,13,2050,2292,69.2,105.1,.338,.350,.554,52.9,58.6,9.4,10.1,.515,17.8,32.5,.255
143,2020,Indiana State,30,18,12,.600,3.22,1.81,11,7,12,1,4,8,2052,2004,66.2,100.5,.326,.368,.536,50.8,52.1,7.7,7.7,.506,17.0,25.4,.227
144,2020,Indiana,32,20,12,.625,15.07,10.35,9,11,15,4,2,8,2286,2135,68.7,96.8,.326,.386,.511,46.0,51.3,9.0,8.3,.479,15.8,24.5,.222
145,2020,Iona,29,12,17,.414,-6.23,-5.37,9,11,5,6,4,9,2030,2055,68.6,101.9,.342,.392,.520,51.5,58.4,9.8,9.1,.494,16.0,31.7,.222
146,2020,Iowa State,32,12,20,.375,9.10,10.07,5,13,11,6,0,11,2304,2335,70.4,103.2,.280,.368,.543,51.1,49.5,10.2,7.9,.518,17.8,31.6,.194
147,2020,Iowa,31,20,11,.645,16.07,10.62,11,9,14,2,4,7,2410,2241,70.6,102.5,.268,.400,.525,48.5,58.8,8.8,9.9,.494,15.2,29.5,.194
148,2020,Purdue-Fort Wayne,33,14,19,.424,-7.87,-3.20,6,10,10,5,3,13,2261,2320,69.5,101.2,.287,.420,.550,48.7,53.7,9.0,9.1,.523,17.1,23.3,.204
149,2020,IUPUI,32,7,25,.219,-14.89,-3.39,3,15,4,9,3,14,2256,2564,71.9,110.6,.283,.388,.561,52.3,54.9,9.8,10.5,.535,15.1,32.4,.204
150,2020,Jackson State,32,15,17,.469,-10.91,-8.61,11,7,9,3,6,14,2153,2157,71.1,94.8,.423,.326,.528,52.1,51.0,8.2,7.7,.484,20.3,28.1,.299
151,2020,Jacksonville State,32,13,19,.406,-8.29,-6.36,8,10,8,6,4,11,2294,2218,70.0,98.7,.285,.381,.539,47.2,53.5,9.3,8.2,.514,18.0,24.8,.197
152,2020,Jacksonville,32,14,18,.438,-6.50,-5.63,7,9,6,7,7,9,2139,2133,67.6,97.4,.281,.389,.497,47.5,44.4,9.8,8.6,.463,13.8,25.6,.201
153,2020,James Madison,30,9,21,.300,-9.23,-2.78,2,16,6,9,3,11,2157,2296,72.1,106.1,.285,.418,.546,50.3,52.4,8.0,9.6,.517,14.3,26.0,.208
154,2020,,,,,,,,,,,,,,,,,,,,,,,,,,,,
155,2020,,,,,,,,,,,,,,,,,,,,,,,,,,,,
156,2020,Kansas State,32,11,21,.344,8.70,9.48,3,15,9,7,1,10,2054,2079,67.2,96.3,.388,.401,.533,51.1,52.9,11.2,12.1,.496,21.2,30.2,.272
157,2020,Kansas,31,28,3,.903,24.96,11.63,17,1,14,1,11,1,2312,1882,67.9,89.0,.233,.413,.467,45.3,52.8,9.4,9.4,.440,16.8,26.3,.157
158,2020,Kennesaw State,29,1,28,.034,-22.60,-2.63,0,16,1,10,0,16,1602,2181,68.1,110.4,.304,.377,.571,54.1,52.0,9.4,10.6,.553,16.0,31.2,.201
159,2020,Kent State,32,20,12,.625,3.68,-0.72,9,9,14,3,5,7,2442,2241,70.1,98.3,.331,.372,.515,49.3,51.9,7.4,5.9,.477,17.2,29.9,.239
160,2020,Kentucky,31,25,6,.806,15.78,7.46,15,3,16,2,8,2,2307,2049,68.5,95.8,.321,.383,.489,47.0,46.7,7.2,7.7,.453,15.1,28.5,.220
161,2020,La Salle,30,15,15,.500,-0.23,1.71,6,12,8,7,4,8,2040,2098,69.8,99.0,.401,.373,.528,50.4,55.0,11.7,11.9,.485,17.7,28.3,.287
162,2020,Lafayette,31,19,12,.613,-5.91,-5.94,10,8,9,5,10,7,2174,2133,67.7,101.7,.222,.358,.505,50.3,43.5,8.5,6.1,.483,12.3,27.1,.151
163,2020,Lamar,32,17,15,.531,-7.24,-6.45,10,10,10,5,6,10,2312,2227,71.7,96.2,.266,.373,.522,50.9,54.2,9.7,8.4,.496,20.4,32.3,.185
164,2020,Lehigh,32,11,21,.344,-10.93,-3.90,7,11,8,6,3,15,2184,2339,69.5,104.4,.320,.422,.543,49.3,55.8,9.9,8.4,.511,15.2,26.0,.230
165,2020,Liberty,34,30,4,.882,5.15,-7.26,13,3,17,0,7,4,2332,1830,61.3,87.8,.272,.393,.477,46.8,44.7,7.5,5.7,.445,17.6,21.2,.189
166,2020,Lipscomb,32,16,16,.500,-7.08,-4.45,9,7,9,5,7,11,2255,2261,68.8,102.3,.262,.404,.534,49.6,48.9,8.7,10.3,.511,15.8,27.0,.179
167,2020,Cal State Long Beach,32,11,21,.344,-8.72,1.08,6,10,8,6,2,13,2157,2404,71.8,103.8,.297,.407,.542,52.0,58.1,11.1,6.6,.513,17.2,30.7,.211
168,2020,Long Island University,33,15,18,.455,-8.38,-6.16,9,9,8,6,6,11,2504,2534,73.9,102.4,.280,.360,.529,53.8,51.2,8.5,10.8,.500,16.2,30.6,.199
169,2020,Longwood,32,14,18,.438,-12.45,-9.31,9,9,8,6,6,11,2148,2195,68.5,98.6,.343,.431,.535,51.3,57.5,8.7,11.6,.505,18.0,25.0,.233
170,2020,Louisiana,33,14,19,.424,-4.60,-0.67,8,12,10,6,3,12,2416,2514,72.8,104.2,.326,.367,.548,50.7,50.0,9.7,8.2,.513,16.7,29.5,.238
171,2020,Louisiana-Monroe,29,9,20,.310,-6.50,-0.16,5,15,7,8,2,12,1831,1956,66.2,101.4,.336,.379,.515,50.8,52.4,9.1,7.4,.478,14.9,29.8,.238
172,2020,Louisiana State,31,21,10,.677,14.43,7.20,12,6,15,2,5,6,2495,2271,70.8,102.7,.264,.414,.520,45.7,48.4,8.1,8.3,.494,14.4,28.5,.181
173,2020,Louisiana Tech,30,22,8,.733,7.06,-1.48,13,5,15,1,7,7,2235,1910,68.2,92.5,.313,.398,.496,48.1,49.8,7.3,8.8,.460,18.7,27.7,.220
174,2020,Louisville,31,24,7,.774,17.94,7.55,15,5,17,1,6,5,2296,1974,67.1,94.1,.290,.410,.490,45.5,47.2,8.9,9.0,.451,15.3,25.0,.212
175,2020,Loyola (IL),32,21,11,.656,5.70,0.54,13,5,14,2,5,6,2198,2007,65.7,94.4,.234,.433,.539,50.3,54.0,9.3,10.3,.520,21.2,23.7,.156
176,2020,,,,,,,,,,,,,,,,,,,,,,,,,,,,
177,2020,,,,,,,,,,,,,,,,,,,,,,,,,,,,
178,2020,Loyola Marymount,32,11,21,.344,-1.09,3.88,4,12,7,9,2,9,2057,2168,64.7,104.3,.380,.454,.553,49.4,58.7,10.3,10.3,.513,16.7,27.8,.280
179,2020,Loyola (MD),32,15,17,.469,-9.59,-7.23,7,11,9,4,5,13,2348,2394,71.3,104.2,.320,.395,.538,50.8,55.9,9.4,9.0,.504,15.6,29.1,.232
180,2020,Maine,31,9,22,.290,-11.88,-3.71,5,11,5,7,3,15,1904,2109,66.2,102.0,.321,.450,.536,49.6,54.3,11.4,7.6,.496,16.4,27.6,.242
181,2020,Manhattan,31,13,18,.419,-8.42,-6.26,8,12,7,6,5,11,1924,1991,66.3,96.0,.460,.331,.518,50.8,57.1,9.5,9.1,.475,19.4,29.9,.314
182,2020,Marist,30,7,23,.233,-12.22,-7.08,6,14,4,10,3,12,1816,1970,65.5,98.2,.391,.429,.536,50.7,57.8,9.8,7.0,.493,18.3,25.2,.285
183,2020,Marquette,30,18,12,.600,15.44,9.30,8,10,13,3,3,8,2333,2149,71.4,98.7,.349,.349,.501,46.8,52.0,9.2,9.4,.468,13.3,25.8,.232
184,2020,Marshall,32,17,15,.531,1.70,-0.05,10,8,10,6,5,9,2429,2339,75.5,96.4,.371,.333,.498,51.5,41.4,10.8,7.9,.458,17.3,32.0,.256
185,2020,Maryland-Baltimore County,33,16,17,.485,-8.08,-4.43,8,8,11,5,5,10,2255,2207,68.0,98.0,.309,.447,.522,50.1,50.7,9.4,8.6,.483,17.2,26.3,.231
186,2020,Maryland-Eastern Shore,32,5,27,.156,-22.03,-6.45,4,12,4,6,1,20,1841,2278,69.6,101.5,.367,.384,.542,53.8,54.3,10.5,10.3,.509,18.7,30.5,.254
187,2020,Maryland,31,24,7,.774,17.82,10.50,14,6,16,1,5,6,2226,1999,67.7,95.2,.242,.381,.489,47.1,54.7,8.1,10.9,.461,15.1,26.3,.169
188,2020,Massachusetts-Lowell,32,13,19,.406,-8.19,-5.35,7,9,8,9,5,10,2388,2433,70.9,106.0,.282,.361,.551,50.8,48.8,9.4,8.9,.524,16.3,29.6,.201
189,2020,Massachusetts,31,14,17,.452,1.12,3.79,8,10,11,5,3,9,2124,2207,69.2,102.0,.335,.318,.540,52.7,55.7,10.2,6.4,.510,17.7,30.3,.233
190,2020,McNeese State,32,15,17,.469,-9.11,-6.93,10,10,10,5,5,11,2540,2390,71.8,103.2,.275,.392,.533,47.7,53.5,10.8,8.2,.501,16.2,30.2,.203
191,2020,Memphis,31,21,10,.677,12.16,5.07,10,8,15,3,5,6,2232,2012,73.1,88.1,.350,.365,.456,47.8,52.5,10.4,8.1,.412,17.3,29.4,.241
192,2020,Mercer,32,17,15,.531,-3.13,-2.70,11,7,9,6,8,6,2294,2248,70.4,99.9,.347,.403,.524,46.8,51.3,10.0,6.9,.496,16.0,26.2,.229
193,2020,Merrimack,31,20,11,.645,-6.93,-6.53,14,4,10,2,9,8,1948,1866,64.4,92.4,.370,.312,.511,56.2,58.0,7.8,11.4,.469,22.8,34.0,.263
194,2020,Miami (FL),31,15,16,.484,6.63,8.66,7,13,9,5,4,8,2207,2270,68.7,104.1,.229,.347,.526,52.8,54.6,8.8,11.5,.502,15.1,31.9,.163
195,2020,Miami (OH),32,13,19,.406,-4.17,-0.57,5,13,10,6,2,11,2269,2275,69.2,102.8,.355,.390,.535,51.2,45.8,7.8,9.1,.505,15.8,27.9,.241
196,2020,Michigan State,31,22,9,.710,21.92,10.76,14,6,12,3,7,4,2353,2007,69.4,93.3,.293,.377,.470,44.9,55.7,8.7,9.2,.433,13.8,26.0,.206
197,2020,Michigan,31,19,12,.613,17.94,11.17,10,10,11,5,4,7,2326,2116,69.3,97.3,.264,.283,.498,49.4,39.4,6.6,7.3,.469,14.1,25.5,.183
198,2020,,,,,,,,,,,,,,,,,,,,,,,,,,,,
199,2020,,,,,,,,,,,,,,,,,,,,,,,,,,,,
200,2020,Middle Tennessee,31,8,23,.258,-8.41,0.84,4,14,5,10,3,10,2193,2332,71.2,104.8,.385,.340,.565,51.0,52.1,9.2,8.1,.533,17.7,27.2,.272
201,2020,Milwaukee,31,12,19,.387,-7.22,-3.91,7,11,7,8,4,9,2216,2252,70.6,100.8,.426,.355,.543,50.9,50.8,7.9,8.5,.499,18.3,29.1,.306
202,2020,Minnesota,31,15,16,.484,16.39,11.55,8,12,11,5,2,10,2205,2055,67.3,97.7,.280,.312,.490,47.9,52.6,7.7,9.9,.456,13.7,27.9,.198
203,2020,Mississippi State,31,20,11,.645,12.21,6.96,11,7,14,2,4,7,2275,2112,67.3,101.2,.316,.362,.519,44.9,50.5,10.5,7.4,.481,14.9,28.3,.232
204,2020,Mississippi Valley State,30,3,27,.100,-29.08,-7.68,3,15,1,8,2,19,2048,2690,78.9,113.1,.361,.346,.566,57.8,59.4,9.0,7.7,.540,15.0,35.9,.247
205,2020,Mississippi,32,15,17,.469,7.37,6.90,6,12,12,5,1,10,2208,2193,68.8,98.8,.406,.347,.525,50.8,55.2,8.7,10.4,.476,17.2,27.9,.301
206,2020,Missouri-Kansas City,30,16,14,.533,-6.07,-3.62,8,7,9,4,5,8,2094,1976,66.7,96.8,.458,.337,.535,51.8,49.8,8.5,11.7,.478,19.8,28.2,.347
207,2020,Missouri State,33,16,17,.485,3.50,0.71,9,9,11,4,3,10,2330,2238,68.6,98.5,.332,.387,.531,45.4,46.9,9.0,7.7,.496,16.4,22.7,.236
208,2020,Missouri,31,15,16,.484,8.51,6.54,7,11,12,4,2,10,2081,2020,67.1,96.4,.478,.379,.519,48.5,49.1,8.8,10.5,.463,18.3,27.7,.347
209,2020,Monmouth,31,18,13,.581,-4.51,-5.19,12,8,11,2,6,10,2209,2188,72.1,97.5,.417,.405,.536,52.9,51.2,8.3,9.0,.495,19.8,28.9,.296
210,2020,Montana State,31,16,15,.516,-5.01,-2.29,10,10,9,5,5,10,2066,2076,68.2,98.2,.296,.409,.509,49.1,50.9,9.5,9.7,.478,14.7,24.8,.206
211,2020,Montana,31,18,13,.581,0.59,-1.52,14,6,12,3,6,10,2195,2122,69.4,97.4,.443,.315,.534,52.0,45.2,8.4,6.7,.488,18.3,24.4,.317
212,2020,Morehead State,32,13,19,.406,-10.96,-6.42,7,11,11,4,2,14,2208,2240,69.1,100.1,.277,.374,.517,49.6,47.3,8.5,12.4,.488,15.7,28.0,.195
213,2020,Morgan State,31,15,16,.484,-12.82,-9.18,9,7,8,6,7,7,2182,2197,71.4,98.1,.495,.388,.518,47.0,50.1,9.5,8.5,.466,17.3,28.9,.347
214,2020,Mount St. Mary's,32,11,21,.344,-9.56,-6.47,7,11,8,6,3,15,2053,2132,64.5,102.1,.293,.368,.527,50.0,51.6,8.4,10.1,.497,15.3,27.8,.206
215,2020,Murray State,32,23,9,.719,1.99,-6.08,15,3,15,0,6,6,2413,2070,69.7,92.1,.313,.363,.492,45.5,45.6,8.6,9.4,.457,16.4,23.7,.215
216,2020,Navy,30,14,16,.467,-7.36,-5.74,8,10,10,5,4,11,1908,1924,62.6,100.8,.295,.410,.530,46.7,56.4,9.3,12.5,.504,16.0,25.2,.201
217,2020,Omaha,32,16,16,.500,-5.09,-0.96,9,7,12,2,4,12,2352,2461,70.7,107.0,.288,.398,.551,49.9,53.6,7.8,7.5,.520,14.3,26.9,.212
218,2020,Nebraska,32,7,25,.219,2.41,10.66,2,18,5,11,0,12,2235,2499,72.8,105.2,.218,.389,.533,56.0,52.0,7.6,13.7,.515,15.9,32.9,.145
219,2020,Nevada-Las Vegas,32,17,15,.531,6.79,4.76,12,6,12,6,5,7,2307,2242,67.2,101.5,.406,.428,.535,45.3,59.6,9.1,9.6,.492,15.5,24.0,.293
220,2020,,,,,,,,,,,,,,,,,,,,,,,,,,,,
221,2020,,,,,,,,,,,,,,,,,,,,,,,,,,,,
222,2020,Nevada,31,19,12,.613,8.91,4.14,12,6,12,3,4,7,2391,2243,71.7,100.5,.365,.443,.512,48.2,51.0,6.6,7.5,.469,13.4,24.5,.262
223,2020,New Hampshire,30,15,15,.500,-7.60,-6.28,8,8,10,3,5,12,2071,1990,69.7,94.0,.374,.381,.499,46.0,40.6,8.8,8.1,.459,15.3,20.6,.257
224,2020,New Mexico State,31,25,6,.806,4.11,-4.24,16,0,13,1,9,3,2214,1852,64.6,92.0,.306,.376,.520,43.6,47.3,9.3,6.8,.484,19.4,21.2,.223
225,2020,New Mexico,33,19,14,.576,3.47,2.63,7,11,15,3,2,9,2531,2483,73.0,103.1,.245,.426,.545,50.6,58.5,9.6,7.0,.524,17.6,30.1,.170
226,2020,New Orleans,30,9,21,.300,-14.08,-4.73,5,15,6,8,3,13,2262,2323,72.7,106.5,.382,.341,.579,52.3,55.9,9.0,9.8,.544,19.3,32.3,.279
227,2020,Niagara,32,12,20,.375,-11.02,-4.33,9,11,9,3,2,17,2102,2316,66.5,107.9,.276,.410,.553,58.9,62.1,7.1,9.7,.528,17.5,35.8,.196
228,2020,Nicholls State,31,21,10,.677,-3.87,-6.02,15,5,13,1,7,8,2388,2144,73.0,94.0,.391,.336,.527,51.1,54.6,8.7,6.7,.484,22.0,31.6,.282
229,2020,NJIT,30,9,21,.300,-10.14,-4.83,6,10,5,7,4,14,1904,2030,67.0,101.0,.327,.353,.535,52.0,51.8,7.8,9.5,.500,16.3,26.5,.237
230,2020,Norfolk State,31,16,15,.516,-7.76,-9.39,12,4,11,2,4,12,2186,2012,70.3,91.9,.402,.408,.504,48.8,60.0,7.9,9.1,.461,19.9,27.8,.278
231,2020,North Alabama,30,13,17,.433,-9.00,-5.82,8,8,9,4,4,13,2062,2092,70.0,99.2,.392,.337,.532,49.0,43.7,8.0,10.6,.494,17.6,26.4,.274
232,2020,North Carolina-Asheville,31,15,16,.484,-10.31,-8.31,8,10,10,5,5,10,2326,2318,71.2,104.7,.396,.313,.584,54.3,50.8,6.7,7.7,.563,20.6,29.2,.262
233,2020,North Carolina A&T,32,17,15,.531,-9.66,-7.86,12,4,11,1,4,12,2311,2305,75.2,95.0,.415,.386,.504,50.8,52.6,8.8,8.0,.472,18.7,30.2,.263
234,2020,North Carolina Central,31,18,13,.581,-10.04,-8.86,13,3,12,0,5,13,2162,2045,69.6,93.3,.322,.388,.507,50.6,51.1,8.6,8.2,.472,20.9,31.7,.224
235,2020,North Carolina-Greensboro,32,23,9,.719,5.92,-1.48,13,5,14,4,9,4,2372,2020,69.0,90.4,.357,.397,.524,47.9,49.4,8.3,6.7,.492,23.0,26.4,.240
236,2020,North Carolina State,32,20,12,.625,12.05,7.14,10,10,14,4,5,7,2388,2231,70.6,98.4,.354,.328,.514,51.0,43.4,9.4,8.6,.478,17.3,31.0,.244
237,2020,North Carolina-Wilmington,32,10,22,.313,-9.31,-0.90,5,13,8,8,1,12,2186,2294,69.6,102.3,.314,.386,.533,51.9,49.0,9.2,6.8,.506,16.2,28.1,.214
238,2020,North Carolina,33,14,19,.424,9.45,10.05,6,14,7,8,3,9,2383,2403,70.4,102.0,.292,.412,.528,45.0,54.0,9.7,9.4,.491,14.2,24.2,.220
239,2020,North Dakota State,33,25,8,.758,2.19,-3.94,13,3,13,1,8,6,2467,2183,67.8,97.2,.256,.313,.515,47.4,38.2,6.8,9.3,.486,13.8,18.5,.184
240,2020,North Dakota,33,15,18,.455,-6.24,-1.38,7,9,8,3,4,13,2470,2467,70.5,105.2,.283,.322,.544,48.1,44.3,9.3,8.0,.513,13.7,24.0,.208
241,2020,North Florida,33,21,12,.636,-0.57,-3.25,13,3,13,2,7,9,2583,2416,69.6,105.2,.276,.244,.528,51.2,52.4,8.2,10.0,.500,14.1,31.4,.193
242,2020,,,,,,,,,,,,,,,,,,,,,,,,,,,,
243,2020,,,,,,,,,,,,,,,,,,,,,,,,,,,,
244,2020,North Texas,31,20,11,.645,7.32,1.66,14,4,13,3,7,6,2203,1962,64.9,97.1,.382,.364,.523,47.6,47.1,10.9,9.8,.486,18.5,27.6,.264
245,2020,Northeastern,33,17,16,.515,1.45,-3.28,9,9,7,6,7,7,2347,2191,65.8,100.5,.306,.381,.548,49.4,43.1,7.9,7.2,.517,17.7,24.1,.222
246,2020,Northern Arizona,30,16,14,.533,-4.65,-2.40,10,10,9,5,6,8,2128,2081,67.7,102.1,.273,.368,.550,49.3,51.7,7.8,6.8,.522,17.1,24.9,.200
247,2020,Northern Colorado,31,22,9,.710,5.72,-2.80,15,5,11,3,9,5,2303,1945,65.9,94.4,.247,.233,.501,48.6,32.9,6.9,9.2,.474,15.2,22.7,.172
248,2020,Northern Illinois,31,18,13,.581,-1.33,-2.16,11,7,11,4,7,9,2071,1998,66.2,96.9,.311,.436,.506,47.1,51.7,7.4,8.6,.469,15.4,24.3,.225
249,2020,Northern Iowa,31,25,6,.806,9.83,1.45,14,4,16,0,8,4,2330,2006,65.9,97.1,.244,.376,.506,44.8,44.0,10.1,7.1,.481,13.9,22.3,.167
250,2020,Northern Kentucky,32,23,9,.719,0.28,-4.65,13,5,11,4,10,5,2317,2089,68.7,94.3,.301,.342,.494,50.3,52.1,7.9,6.3,.464,18.0,30.8,.201
251,2020,Northwestern State,30,15,15,.500,-10.00,-7.07,11,9,9,5,5,10,2265,2270,74.5,101.2,.368,.354,.511,49.3,54.1,11.1,6.7,.469,15.6,31.8,.262
252,2020,Northwestern,31,8,23,.258,5.35,10.51,3,17,5,11,2,10,2012,2172,66.7,104.2,.286,.424,.522,53.1,62.5,8.2,8.9,.492,13.7,29.2,.202
253,2020,Notre Dame,32,20,12,.625,11.21,5.62,10,10,15,4,4,7,2376,2197,69.0,98.8,.197,.362,.499,50.2,50.7,8.1,9.2,.475,14.5,28.1,.142
254,2020,Oakland,33,14,19,.424,-5.92,-3.10,8,10,8,5,4,12,2239,2301,67.5,101.7,.257,.434,.517,50.0,57.5,9.6,8.3,.494,15.4,30.1,.172
255,2020,Ohio State,31,21,10,.677,19.37,10.24,11,9,15,2,4,7,2234,1951,66.8,94.3,.293,.395,.494,46.2,49.1,7.4,9.6,.462,16.1,25.4,.203
256,2020,Ohio,32,17,15,.531,0.74,0.17,8,10,12,5,4,8,2286,2192,68.8,99.5,.316,.403,.529,48.7,46.9,9.0,7.2,.485,16.3,24.6,.247
257,2020,Oklahoma State,32,18,14,.563,12.01,10.51,7,11,10,6,5,7,2163,2115,68.5,96.5,.331,.444,.507,49.4,56.9,9.0,9.0,.467,17.8,29.0,.240
258,2020,Oklahoma,31,19,12,.613,13.48,10.64,9,9,12,3,4,8,2177,2089,69.7,96.8,.197,.401,.491,50.8,47.4,8.9,7.1,.467,14.5,27.4,.140
259,2020,Old Dominion,32,13,19,.406,0.02,0.06,9,9,10,4,3,11,2098,2099,67.5,96.4,.340,.453,.520,46.4,54.5,7.5,9.5,.481,16.6,21.7,.244
260,2020,Oral Roberts,31,17,14,.548,2.16,-1.58,9,7,13,1,3,12,2485,2265,71.5,101.3,.302,.389,.536,48.2,49.8,6.2,8.3,.504,16.4,26.6,.218
261,2020,Oregon State,31,18,13,.581,9.70,6.15,7,11,12,4,3,8,2207,2097,66.6,101.6,.309,.364,.529,50.6,54.8,8.4,8.8,.494,16.2,28.9,.226
262,2020,Oregon,31,24,7,.774,18.22,9.09,13,5,17,0,5,5,2352,2069,66.1,98.2,.295,.406,.510,48.5,53.2,6.0,9.6,.473,17.1,31.1,.216
263,2020,Pacific,33,23,10,.697,3.81,0.19,11,5,15,3,7,5,2300,2128,65.9,95.4,.412,.361,.520,43.7,41.4,7.8,6.2,.477,16.5,20.1,.291
264,2020,,,,,,,,,,,,,,,,,,,,,,,,,,,,
265,2020,,,,,,,,,,,,,,,,,,,,,,,,,,,,
266,2020,Penn State,31,21,10,.677,16.12,9.25,11,9,14,3,5,6,2327,2114,71.4,95.5,.318,.327,.497,49.2,49.3,7.6,8.6,.464,16.2,27.5,.217
267,2020,Pennsylvania,27,16,11,.593,1.07,-0.36,8,6,8,3,6,7,1991,1906,71.6,98.2,.245,.307,.501,51.1,39.9,10.0,8.9,.472,14.6,27.1,.175
268,2020,Pepperdine,32,16,16,.500,2.82,3.60,8,8,9,5,6,7,2441,2466,71.6,105.6,.347,.365,.560,51.0,57.6,9.0,7.0,.528,16.7,27.9,.248
269,2020,Pittsburgh,33,16,17,.485,6.80,7.32,6,14,11,7,2,9,2152,2169,66.0,99.2,.260,.396,.525,51.5,59.0,8.2,11.0,.498,19.8,34.6,.185
270,2020,Portland State,32,18,14,.563,-1.50,-2.43,12,8,11,3,6,11,2518,2412,72.5,103.9,.307,.305,.551,49.3,55.5,7.9,7.8,.521,18.3,33.6,.221
271,2020,Portland,32,9,23,.281,-6.53,1.97,1,15,7,9,2,9,2126,2309,70.5,101.5,.297,.407,.527,54.3,59.7,10.1,7.3,.503,16.3,30.0,.196
272,2020,Prairie View,32,19,13,.594,-6.26,-8.36,14,4,12,0,6,12,2302,2186,72.7,93.2,.489,.379,.530,50.5,53.4,8.0,7.5,.484,21.6,27.8,.338
273,2020,Presbyterian,32,10,22,.313,-15.06,-6.93,7,11,7,6,3,14,2155,2346,67.2,108.3,.359,.448,.563,49.8,54.4,10.5,9.7,.532,15.2,27.0,.253
274,2020,Princeton,27,14,13,.519,-0.75,-1.48,9,5,7,6,5,6,1931,1866,67.2,102.4,.264,.305,.547,49.1,42.1,9.2,10.9,.517,15.7,23.7,.199
275,2020,Providence,31,19,12,.613,13.45,8.19,12,6,13,3,5,6,2214,2051,69.6,94.7,.374,.369,.515,48.4,51.3,10.0,8.9,.474,18.9,28.4,.264
276,2020,Purdue,31,16,15,.516,16.30,10.76,9,11,11,5,4,8,2114,1942,64.7,94.5,.319,.420,.508,47.0,59.3,7.8,9.7,.471,18.0,27.2,.227
277,2020,Quinnipiac,30,15,15,.500,-7.66,-6.53,10,10,9,5,5,9,2088,2122,68.9,102.6,.236,.358,.511,48.8,54.9,9.8,11.6,.488,12.3,26.2,.161
278,2020,Radford,32,21,11,.656,-2.67,-5.71,15,3,11,4,9,6,2302,2115,65.0,101.3,.331,.451,.522,46.9,54.0,6.4,8.3,.493,14.9,26.0,.223
279,2020,Rhode Island,30,21,9,.700,9.25,4.78,13,5,12,3,8,5,2200,2066,71.8,95.1,.285,.376,.506,49.5,52.8,7.6,7.6,.474,18.1,28.6,.201
280,2020,Rice,32,15,17,.469,-3.09,-0.76,7,11,8,7,5,8,2363,2375,71.3,104.0,.285,.394,.543,50.3,50.6,8.6,10.3,.519,15.5,26.4,.194
281,2020,Richmond,31,24,7,.774,11.31,2.76,14,4,14,2,9,3,2335,2070,69.3,95.6,.302,.410,.507,50.6,47.4,8.0,8.4,.477,17.4,26.3,.206
282,2020,Rider,30,18,12,.600,-3.09,-5.49,12,8,11,1,5,11,2152,2080,71.8,96.6,.303,.439,.520,46.6,52.7,9.3,9.4,.491,17.1,24.0,.206
283,2020,Robert Morris,34,20,14,.588,-4.73,-6.33,13,5,12,3,7,11,2373,2280,67.5,99.4,.311,.364,.539,50.4,49.8,9.2,9.6,.506,19.2,28.9,.226
284,2020,Rutgers,31,20,11,.645,15.72,9.68,11,9,18,1,2,8,2168,1942,67.7,91.8,.278,.412,.482,46.0,54.9,7.9,8.8,.447,16.6,25.4,.198
285,2020,Sacramento State,30,16,14,.533,-2.08,-2.76,8,12,10,4,4,10,1895,1791,64.5,92.6,.339,.295,.511,47.1,48.6,8.3,7.2,.464,19.4,25.3,.258
286,2020,,,,,,,,,,,,,,,,,,,,,,,,,,,,
287,2020,,,,,,,,,,,,,,,,,,,,,,,,,,,,
288,2020,Sacred Heart,33,20,13,.606,-4.75,-7.40,12,6,9,4,10,8,2420,2291,69.9,99.3,.232,.339,.497,45.3,55.2,9.5,9.9,.472,13.8,28.0,.160
289,2020,Saint Francis (PA),32,22,10,.688,-2.05,-6.50,13,5,13,2,8,8,2485,2298,70.3,101.7,.283,.395,.538,47.8,50.8,8.0,8.1,.509,17.0,28.5,.203
290,2020,Saint Joseph's,32,6,26,.188,-5.54,4.93,2,16,4,10,2,12,2208,2543,71.3,111.1,.320,.332,.558,52.7,49.8,9.3,13.1,.527,12.6,29.0,.232
291,2020,Saint Louis,31,23,8,.742,9.41,3.07,12,6,15,3,6,4,2223,2020,68.7,93.7,.362,.395,.504,45.4,48.9,9.7,8.4,.464,17.5,24.6,.253
292,2020,Saint Mary's (CA),34,26,8,.765,12.27,5.24,11,5,14,3,6,3,2559,2276,65.0,100.0,.275,.320,.535,48.6,39.1,6.0,8.7,.506,15.9,23.5,.197
293,2020,Saint Peter's,30,18,12,.600,-3.67,-5.90,14,6,11,3,6,9,1990,1923,68.6,93.0,.408,.360,.509,46.1,54.1,11.1,12.9,.461,19.4,27.3,.293
294,2020,Sam Houston State,31,18,13,.581,-5.17,-6.50,11,9,12,3,6,10,2417,2245,74.4,95.4,.421,.421,.536,50.6,53.8,9.3,7.9,.487,21.4,29.0,.311
295,2020,Samford,33,10,23,.303,-13.13,-1.13,4,14,7,8,3,14,2448,2711,74.6,109.3,.238,.454,.559,51.6,61.7,10.2,8.5,.541,16.1,32.4,.162
296,2020,San Diego State,32,30,2,.938,18.38,3.93,17,1,14,1,11,0,2395,1903,66.1,90.0,.298,.421,.489,47.5,53.4,8.3,5.8,.449,18.8,25.6,.217
297,2020,San Diego,32,9,23,.281,-3.52,4.35,2,14,6,9,3,10,2101,2319,70.9,101.0,.316,.321,.533,51.5,47.4,9.6,8.9,.500,16.1,27.5,.225
298,2020,San Francisco,34,22,12,.647,8.56,3.84,9,7,12,5,7,6,2546,2339,69.2,98.4,.311,.293,.533,47.6,42.4,8.6,8.4,.500,16.8,23.6,.224
299,2020,San Jose State,31,7,24,.226,-7.55,5.15,3,15,6,10,1,12,2167,2523,74.1,109.4,.338,.348,.564,54.0,63.3,9.8,7.5,.538,15.5,30.0,.234
300,2020,Santa Clara,33,20,13,.606,1.95,0.63,6,10,16,5,3,7,2498,2365,73.0,97.8,.376,.330,.521,51.1,49.9,8.9,8.0,.479,16.9,26.0,.270
301,2020,Seattle,29,14,15,.483,-3.95,-3.91,7,7,9,4,3,10,2177,2110,71.4,99.8,.400,.355,.527,51.1,49.6,7.2,7.9,.480,16.5,27.5,.294
302,2020,Seton Hall,30,21,9,.700,16.75,9.95,13,5,11,4,8,4,2241,2037,71.0,95.7,.324,.345,.494,49.7,48.5,9.0,8.8,.457,16.7,30.4,.227
303,2020,Siena,30,20,10,.667,-1.13,-5.66,15,5,14,0,5,10,2167,2031,67.1,99.6,.269,.348,.518,46.5,45.1,8.4,9.8,.484,15.1,25.8,.200
304,2020,South Alabama,31,20,11,.645,0.08,-1.03,13,7,11,5,7,5,2209,2092,67.1,100.2,.260,.461,.528,50.7,56.5,7.9,9.9,.503,17.9,30.1,.181
305,2020,South Carolina State,29,11,18,.379,-16.01,-9.27,6,10,8,5,3,12,2037,2180,69.1,106.4,.364,.356,.552,48.6,44.5,7.6,8.4,.526,15.4,27.6,.244
306,2020,South Carolina Upstate,33,13,20,.394,-13.58,-6.06,7,11,9,6,4,13,2286,2460,69.8,106.8,.391,.394,.569,52.6,48.2,8.4,8.3,.534,17.3,29.0,.281
307,2020,South Carolina,31,18,13,.581,10.27,6.43,10,8,12,5,6,6,2275,2156,72.5,95.5,.531,.398,.516,48.7,54.3,8.5,8.4,.452,18.7,28.6,.388
308,2020,,,,,,,,,,,,,,,,,,,,,,,,,,,,
309,2020,,,,,,,,,,,,,,,,,,,,,,,,,,,,
310,2020,South Dakota State,32,22,10,.688,2.29,-4.24,13,3,16,0,6,9,2493,2256,69.8,99.8,.254,.378,.504,46.9,43.9,9.3,8.6,.478,13.8,26.9,.173
311,2020,South Dakota,32,20,12,.625,-1.74,-3.84,10,6,13,2,5,8,2547,2374,71.4,103.8,.312,.349,.549,49.5,42.4,7.3,6.5,.515,14.4,21.9,.230
312,2020,South Florida,31,14,17,.452,5.15,5.18,7,11,10,7,3,6,1943,1944,65.5,95.0,.345,.401,.540,48.0,51.0,10.0,9.7,.510,20.9,25.2,.236
313,2020,Southeast Missouri State,31,7,24,.226,-14.57,-5.29,3,15,6,7,0,16,2054,2307,68.8,107.7,.336,.370,.566,52.2,56.4,8.0,9.0,.540,16.0,27.9,.233
314,2020,Southeastern Louisiana,31,8,23,.258,-16.11,-5.72,5,15,6,8,2,14,2157,2429,74.0,104.6,.402,.356,.576,54.0,56.4,9.8,8.2,.535,20.4,33.8,.300
315,2020,Southern California,31,22,9,.710,11.51,7.22,11,7,14,2,5,6,2179,2046,70.0,93.2,.280,.394,.480,47.7,51.0,11.2,7.5,.446,15.7,27.9,.196
316,2020,SIU Edwardsville,31,8,23,.258,-14.16,-5.71,5,13,4,10,4,13,2073,2261,70.2,104.0,.399,.412,.547,51.0,61.7,8.8,8.0,.505,16.7,29.4,.292
317,2020,Southern Illinois,32,16,16,.500,-0.18,0.37,10,8,12,3,3,10,2002,1991,64.3,96.3,.245,.348,.509,54.2,53.4,9.9,11.2,.484,18.2,30.1,.170
318,2020,Southern Methodist,30,19,11,.633,7.97,3.50,9,9,15,2,4,9,2188,2054,66.0,101.7,.282,.430,.526,47.0,59.6,10.5,9.2,.492,16.2,29.0,.208
319,2020,Southern Mississippi,31,9,22,.290,-6.65,2.35,5,13,8,7,1,12,2047,2242,68.7,104.4,.329,.473,.545,48.7,53.6,10.7,6.2,.508,15.8,26.6,.244
320,2020,Southern Utah,32,17,15,.531,0.10,-2.47,9,11,9,5,6,10,2329,2122,70.5,92.6,.362,.346,.494,46.3,49.7,7.9,10.0,.450,15.8,22.5,.258
321,2020,Southern,32,17,15,.531,-9.36,-9.49,13,5,11,1,5,14,2234,2147,69.5,95.8,.486,.323,.529,47.2,43.0,8.3,8.3,.486,18.5,25.0,.331
322,2020,St. Bonaventure,31,19,12,.613,3.12,1.62,11,7,9,5,7,7,2143,2073,66.3,100.1,.328,.454,.523,47.7,60.9,8.2,7.8,.492,15.8,26.2,.224
323,2020,St. Francis (NY),31,13,18,.419,-11.30,-7.44,7,11,9,5,4,13,2168,2220,71.1,100.3,.360,.331,.530,50.8,46.9,7.9,7.7,.493,17.0,28.3,.254
324,2020,St. John's (NY),32,17,15,.531,10.71,7.68,5,13,13,6,1,8,2387,2290,74.3,96.4,.362,.422,.516,51.6,57.6,7.0,9.6,.482,19.5,31.3,.247
325,2020,Stanford,32,20,12,.625,13.35,6.38,9,9,14,4,4,6,2223,2000,68.7,90.3,.318,.373,.492,51.2,45.5,9.2,11.3,.456,19.7,27.8,.222
326,2020,Stephen F. Austin,31,28,3,.903,4.04,-6.89,19,1,16,1,12,2,2499,2077,74.8,89.3,.447,.385,.537,44.5,52.7,10.2,8.3,.489,25.7,26.6,.324
327,2020,Stetson,33,16,17,.485,-9.63,-5.30,9,7,8,7,7,9,2103,2167,64.3,101.8,.301,.478,.524,48.1,60.9,8.8,9.0,.496,15.7,28.4,.207
328,2020,Stony Brook,33,20,13,.606,-2.41,-4.41,10,6,10,5,8,8,2283,2172,69.9,93.4,.274,.420,.491,48.2,57.3,8.8,8.5,.460,16.5,26.9,.188
329,2020,Syracuse,32,18,14,.563,12.32,7.26,10,10,11,7,6,5,2378,2216,68.3,100.6,.302,.479,.519,50.9,72.7,8.5,8.2,.483,17.3,32.2,.221
330,2020,,,,,,,,,,,,,,,,,,,,,,,,,,,,
331,2020,,,,,,,,,,,,,,,,,,,,,,,,,,,,
332,2020,Temple,31,14,17,.452,6.59,6.17,6,12,8,7,4,8,2117,2104,70.6,94.9,.295,.419,.499,50.3,57.1,9.0,10.9,.464,16.3,26.7,.211
333,2020,Tennessee-Martin,29,9,20,.310,-14.15,-4.30,5,13,6,6,2,12,2194,2382,70.1,116.7,.271,.416,.591,51.8,60.7,9.2,8.2,.574,15.2,34.3,.186
334,2020,Tennessee State,33,18,15,.545,-6.70,-5.45,9,9,11,3,4,11,2355,2345,70.5,100.0,.382,.379,.515,46.4,44.9,9.7,7.7,.470,15.3,27.4,.276
335,2020,Tennessee Tech,31,9,22,.290,-13.64,-4.67,6,12,6,8,3,12,2033,2241,68.8,104.2,.275,.372,.555,50.6,59.5,10.0,9.4,.531,17.4,28.2,.195
336,2020,Tennessee,31,17,14,.548,11.18,8.30,9,9,11,6,4,7,2079,1990,66.6,96.4,.353,.346,.500,49.2,44.7,11.4,8.8,.459,16.9,30.1,.249
337,2020,Texas A&M-Corpus Christi,32,14,18,.438,-10.80,-6.63,10,10,10,6,4,11,2112,2199,68.3,100.7,.395,.356,.530,47.9,52.3,12.4,10.1,.486,16.8,28.0,.289
338,2020,Texas A&M,30,16,14,.533,4.93,6.96,10,8,11,6,5,4,1894,1955,65.7,98.7,.260,.503,.524,50.3,63.9,10.1,12.6,.492,19.2,31.8,.195
339,2020,Texas-Arlington,32,14,18,.438,2.76,2.13,10,10,8,8,6,9,2259,2189,68.8,98.3,.347,.353,.501,50.9,53.8,7.0,8.8,.465,15.2,28.6,.238
340,2020,Texas Christian,32,16,16,.500,9.86,10.09,7,11,14,5,1,9,2093,2079,65.7,97.8,.306,.337,.519,49.1,62.4,9.6,12.6,.493,18.4,29.8,.203
341,2020,Texas-El Paso,32,17,15,.531,-1.00,-0.45,8,10,13,4,3,9,2157,2116,69.2,95.3,.337,.367,.510,50.3,47.2,8.3,7.8,.471,17.5,25.6,.240
342,2020,Texas-Rio Grande Valley,30,14,16,.467,-7.05,-3.70,9,7,11,3,3,11,2189,2143,70.6,99.9,.422,.353,.564,51.5,59.3,7.6,5.4,.527,21.5,28.6,.302
343,2020,Texas-San Antonio,32,13,19,.406,-3.18,0.41,7,11,10,5,3,9,2461,2465,74.0,102.5,.363,.392,.540,50.0,48.1,7.6,9.5,.506,16.4,26.1,.255
344,2020,Texas Southern,32,16,16,.500,-10.37,-6.05,12,6,11,1,5,15,2335,2431,74.6,100.6,.338,.352,.533,49.4,53.0,10.1,9.5,.497,17.3,29.7,.243
345,2020,Texas State,32,21,11,.656,5.42,-0.28,13,7,15,3,6,8,2339,2058,67.1,94.7,.380,.372,.508,49.8,50.4,7.5,7.8,.464,18.8,29.5,.272
346,2020,Texas Tech,31,18,13,.581,16.83,8.41,9,9,13,4,3,7,2230,1969,68.2,91.6,.354,.357,.502,50.0,44.1,9.1,9.1,.462,20.2,29.3,.246
347,2020,Texas,31,19,12,.613,10.47,9.60,9,9,11,6,6,5,1989,1962,66.2,95.6,.353,.282,.501,52.7,43.7,9.7,9.6,.469,17.9,31.9,.233
348,2020,Toledo,32,17,15,.531,1.20,-1.47,8,10,10,6,7,9,2386,2244,69.5,100.5,.262,.372,.511,48.7,44.7,9.3,9.4,.482,14.6,27.5,.184
349,2020,Towson,32,19,13,.594,0.09,-1.51,12,6,9,5,8,4,2258,2125,65.7,100.3,.304,.431,.517,46.0,53.3,7.2,7.2,.480,14.5,26.2,.225
350,2020,Troy,31,9,22,.290,-9.01,-1.32,5,15,6,9,3,13,2131,2276,70.7,103.0,.376,.398,.548,50.7,55.9,9.4,10.9,.514,17.9,29.5,.263
351,2020,Tulane,30,12,18,.400,0.94,3.54,4,14,7,7,3,7,2050,2128,69.4,101.4,.296,.433,.552,55.6,62.9,7.4,9.3,.527,20.1,31.1,.205
352,2020,,,,,,,,,,,,,,,,,,,,,,,,,,,,
353,2020,,,,,,,,,,,,,,,,,,,,,,,,,,,,
354,2020,Tulsa,31,21,10,.677,7.92,3.59,13,5,15,2,6,7,2103,1969,67.1,93.2,.283,.461,.500,49.9,53.5,10.6,9.9,.467,18.8,28.0,.202
355,2020,UCLA,31,19,12,.613,9.83,8.23,12,6,13,4,5,5,2153,2079,66.5,100.1,.352,.379,.538,45.8,47.5,8.6,8.1,.500,17.3,25.3,.256
356,2020,Utah State,34,26,8,.765,13.66,4.04,12,6,15,1,4,6,2600,2179,68.9,92.0,.259,.423,.488,43.4,48.7,9.6,8.8,.458,15.8,21.4,.181
357,2020,Utah Valley,30,11,19,.367,-7.47,-4.18,5,10,6,7,5,12,2105,2131,71.2,98.9,.335,.299,.515,50.4,47.8,8.6,10.5,.472,15.4,26.2,.249
358,2020,Utah,31,16,15,.516,8.47,7.86,7,11,12,2,1,10,2199,2180,67.7,102.3,.230,.353,.529,48.1,50.7,9.7,11.3,.503,15.5,26.9,.169
359,2020,Valparaiso,35,19,16,.543,1.44,1.17,9,9,11,2,4,10,2530,2494,69.5,101.1,.309,.347,.544,51.1,52.0,9.0,7.3,.517,17.8,27.1,.214
360,2020,Vanderbilt,32,11,21,.344,3.16,6.41,3,15,10,10,1,9,2295,2399,70.0,106.2,.368,.338,.564,52.7,50.7,8.0,13.0,.527,17.2,29.4,.272
361,2020,Vermont,33,26,7,.788,6.07,-4.84,14,2,13,3,12,3,2361,1963,66.5,89.5,.305,.413,.484,46.9,50.2,8.6,7.8,.445,17.2,23.0,.217
362,2020,Villanova,31,24,7,.774,16.84,10.03,13,5,12,3,9,3,2269,2058,67.6,97.8,.236,.318,.508,48.8,47.6,8.4,10.3,.482,14.9,24.4,.166
363,2020,Virginia Commonwealth,31,18,13,.581,9.66,4.08,8,10,14,4,4,7,2193,2020,69.2,93.8,.359,.348,.520,51.9,52.6,9.6,8.7,.481,21.3,30.1,.253
364,2020,VMI,33,9,24,.273,-6.92,-2.72,3,15,5,10,2,12,2380,2346,68.4,102.4,.380,.399,.536,50.1,54.2,8.2,9.5,.496,16.4,27.6,.273
365,2020,Virginia Tech,32,16,16,.500,8.22,6.16,7,13,12,6,3,7,2194,2128,66.1,98.2,.261,.425,.511,52.3,53.3,6.1,10.4,.485,15.5,25.5,.179
366,2020,Virginia,30,23,7,.767,12.16,7.50,15,5,14,3,7,4,1711,1571,60.2,85.8,.216,.426,.459,47.2,47.3,10.9,8.6,.431,17.0,23.3,.149
367,2020,Wagner,29,8,21,.276,-14.79,-5.57,5,13,5,8,3,13,1982,2210,69.1,108.9,.454,.415,.575,50.7,60.5,9.7,8.8,.539,16.6,29.2,.320
368,2020,Wake Forest,31,13,18,.419,6.69,8.14,6,14,9,5,1,11,2276,2321,70.8,104.1,.352,.353,.532,48.1,49.8,10.5,9.4,.497,13.4,26.0,.248
369,2020,Washington State,32,16,16,.500,5.13,4.94,6,12,11,5,2,9,2235,2229,71.1,97.2,.323,.320,.529,50.5,44.8,8.1,10.1,.499,18.6,25.8,.222
370,2020,Washington,32,15,17,.469,12.41,8.25,5,13,10,7,3,7,2259,2126,70.2,93.9,.314,.382,.482,50.3,60.4,9.6,6.1,.441,16.6,31.8,.226
371,2020,Weber State,32,12,20,.375,-8.32,-0.66,8,12,8,6,4,9,2225,2280,68.7,102.9,.225,.341,.531,52.0,52.5,8.8,7.1,.507,14.9,27.1,.160
372,2020,West Virginia,31,21,10,.677,18.51,10.64,9,9,14,2,4,8,2179,1935,69.4,89.6,.370,.375,.491,44.4,47.6,10.5,8.1,.445,19.7,27.6,.265
373,2020,Western Carolina,31,19,12,.613,-0.10,-1.55,10,8,10,4,8,7,2444,2317,72.4,102.3,.305,.410,.531,46.9,45.5,9.1,11.1,.498,15.1,25.0,.219
374,2020,,,,,,,,,,,,,,,,,,,,,,,,,,,,
375,2020,,,,,,,,,,,,,,,,,,,,,,,,,,,,
376,2020,Western Illinois,26,5,21,.192,-14.28,-3.03,2,14,4,10,1,11,1934,2126,73.1,110.8,.341,.352,.578,53.1,42.0,6.7,6.6,.544,14.0,24.7,.255
377,2020,Western Kentucky,30,20,10,.667,4.20,0.96,13,5,12,2,6,6,2297,2160,69.8,101.0,.209,.383,.523,51.6,47.1,7.8,8.4,.498,16.5,30.6,.153
378,2020,Western Michigan,32,13,19,.406,-5.42,-0.25,6,12,10,5,3,12,2220,2306,69.0,103.2,.304,.374,.524,51.2,46.9,9.0,8.7,.495,14.3,28.5,.209
379,2020,Wichita State,31,23,8,.742,13.66,5.60,11,7,17,2,5,5,2227,1977,70.7,89.5,.384,.352,.488,46.8,46.9,8.7,10.8,.444,17.9,24.1,.267
380,2020,William & Mary,32,21,11,.656,-2.46,-3.10,13,5,11,2,10,7,2288,2208,68.0,101.5,.259,.353,.516,46.9,44.9,9.7,8.3,.487,12.9,23.3,.185
381,2020,Winthrop,34,24,10,.706,1.16,-6.53,15,3,11,4,10,6,2765,2431,72.6,97.4,.415,.382,.532,44.8,50.5,8.8,9.3,.498,17.9,23.9,.278
382,2020,Wisconsin,31,21,10,.677,15.95,10.95,14,6,15,1,6,6,2082,1927,64.4,96.1,.253,.325,.492,50.4,47.7,7.7,9.6,.464,14.8,25.9,.175
383,2020,Wofford,35,19,16,.543,0.17,-1.50,8,10,10,5,6,10,2523,2399,66.9,101.4,.319,.432,.544,49.8,50.7,8.9,8.2,.512,16.4,24.9,.228
384,2020,Wright State,32,25,7,.781,2.46,-6.21,15,3,14,2,9,3,2580,2264,73.1,95.6,.264,.328,.497,48.1,40.3,8.5,7.0,.465,16.6,29.3,.188
385,2020,Wyoming,33,9,24,.273,-3.05,4.82,2,16,4,13,3,8,2070,2308,67.6,102.4,.365,.416,.535,56.5,50.2,8.8,9.0,.501,16.4,28.2,.254
386,2020,Xavier,32,19,13,.594,12.57,9.47,8,10,12,5,5,6,2261,2162,69.1,95.8,.289,.363,.500,47.6,49.6,10.0,8.7,.464,16.3,27.6,.211
387,2020,Yale,30,23,7,.767,6.63,-1.51,11,3,10,1,11,6,2289,1954,68.2,92.4,.253,.405,.492,45.2,50.9,9.6,8.9,.459,15.5,21.0,.183
388,2020,Youngstown State,33,18,15,.545,-5.56,-4.79,10,8,13,4,5,11,2401,2351,68.6,102.7,.308,.331,.526,47.4,49.1,8.2,8.5,.495,15.1,29.4,.215
